{
    "5.000": 128,
    "4.750": 33,
    "2.400": 50,
    "2.750": 59,
    "2.615": 1,
    "2.333": 9,
    "3.750": 100,
    "3.200": 127,
    "1.583": 2,
    "4.909": 2,
    "0.800": 60,
    "4.000": 172,
    "0.636": 1,
    "3.000": 198,
    "1.714": 3,
    "2.167": 2,
    "1.000": 59,
    "1.917": 1,
    "4.250": 49,
    "0.600": 28,
    "2.600": 66,
    "4.600": 43,
    "4.800": 42,
    "3.800": 119,
    "4.200": 55,
    "1.400": 39,
    "3.600": 107,
    "2.800": 66,
    "1.600": 42,
    "0.250": 27,
    "0.000": 191,
    "4.500": 32,
    "0.500": 33,
    "1.200": 36,
    "3.500": 90,
    "2.812": 1,
    "0.400": 58,
    "1.154": 1,
    "3.400": 119,
    "2.250": 27,
    "1.333": 12,
    "0.200": 23,
    "2.000": 87,
    "3.091": 2,
    "1.800": 38,
    "2.500": 45,
    "0.083": 1,
    "3.824": 1,
    "2.375": 2,
    "1.250": 22,
    "4.857": 2,
    "1.300": 1,
    "4.400": 61,
    "3.250": 97,
    "0.778": 1,
    "0.833": 2,
    "4.333": 9,
    "4.214": 1,
    "2.200": 50,
    "1.533": 1,
    "0.750": 28,
    "0.100": 1,
    "3.100": 1,
    "2.692": 1,
    "4.429": 1,
    "3.6": 153,
    "0": 234,
    "1.4": 104,
    "2.2": 121,
    "3.8": 193,
    "2.6": 116,
    "0.4": 62,
    "4": 272,
    "2.25": 5,
    "3.2": 149,
    "0.8": 89,
    "4.2": 155,
    "2": 176,
    "3.4": 170,
    "3": 205,
    "2.4": 95,
    "4.4": 110,
    "4.6": 91,
    "0.6": 64,
    "1.2": 94,
    "5": 179,
    "1.8": 107,
    "1.6": 96,
    "1": 189,
    "2.8": 109,
    "0.2": 32,
    "4.8": 70,
    "4.60": 78,
    "5.00": 102,
    "0.00": 187,
    "3.20": 66,
    "2.60": 70,
    "2.20": 70,
    "4.80": 72,
    "0.60": 76,
    "0.20": 49,
    "1.20": 61,
    "3.60": 52,
    "0.80": 53,
    "2.40": 65,
    "0.40": 87,
    "1.80": 75,
    "3.40": 65,
    "4.20": 57,
    "1.40": 77,
    "4.00": 65,
    "3.00": 72,
    "2.80": 64,
    "1.60": 61,
    "3.80": 60,
    "4.40": 46,
    "2.00": 62,
    "1.00": 66,
    "4.50": 1,
    "0.200000": 17,
    "1.000000": 8,
    "0.400000": 12,
    "4.000000": 8,
    "3.400000": 8,
    "3.000000": 13,
    "1.800000": 8,
    "2.200000": 14,
    "3.600000": 6,
    "3.800000": 9,
    "4.200000": 5,
    "1.200000": 13,
    "2.400000": 10,
    "3.200000": 8,
    "4.400000": 8,
    "2.600000": 8,
    "5.000000": 10,
    "2.000000": 11,
    "4.800000": 4,
    "0.000000": 6,
    "4.600000": 6,
    "1.400000": 9,
    "1.600000": 16,
    "0.800000": 10,
    "0.600000": 8,
    "2.800000": 15,
    "1.50": 1,
    "0.67": 1,
    "1.67": 1,
    "3.333": 30,
    "1.750": 32,
    "3.714": 1,
    "3.692": 2,
    "1.667": 5,
    "1.500": 30,
    "4.667": 4,
    "3.417": 1,
    "4.111": 1,
    "3.667": 10,
    "2.33333333333333": 1,
    "2.75": 1,
    "2.5": 8,
    "0.533": 1,
    "0.538": 1,
    "0.133": 1,
    "0.267": 1,
    "3.538": 1,
    "0.300": 2,
    "0.583": 1,
    "0.308": 1,
    "0.333": 5,
    "0.167": 1,
    "0.188": 1,
    "0.364": 1,
    "0.75": 2,
    "1.33": 1,
    "3.533": 3,
    "2.667": 9,
    "3.182": 1,
    "4.222": 1,
    "3.176": 1,
    "1.900": 1,
    "2.769": 2,
    "4.733": 1,
    "3.857": 3,
    "1.25": 1,
    "4.5": 8,
    "1.30": 1,
    "2.67": 1,
    "3.867": 1,
    "1.556": 2,
    "3.938": 1,
    "3.833": 2,
    "2.917": 1,
    "1.643": 1,
    "2.533": 2,
    "0.143": 1,
    "0.667": 3,
    "4.133": 1,
    "3.765": 1,
    "3.941": 1,
    "3.111": 1,
    "1.286": 1,
    "0.850": 1,
    "3.923": 1,
    "0.417": 1,
    "2.818": 2,
    "0.643": 1,
    "1.778": 1,
    "1.700": 1,
    "0.727": 1,
    "0.067": 1,
    "4.875": 1,
    "3.615": 1,
    "2.875": 1,
    "4.091": 2,
    "2.583": 1,
    "3.929": 2,
    "0.231": 1,
    "0.118": 1,
    "4.1": 2,
    "3.75": 4,
    "3.5": 2,
    "4.25": 4,
    "2.33": 3,
    "0.17": 1,
    "0.50": 2,
    "3.67": 1,
    "2.83": 1,
    "3.1": 2,
    "2.11111111111111": 2,
    "1.1": 2,
    "3.77777777777778": 2,
    "4.57142857142857": 3,
    "1.75": 3,
    "2.46666666666667": 3,
    "0.9": 2,
    "1.53333333333333": 3,
    "3.846": 1,
    "3.875": 1,
    "1.846": 1,
    "2.647": 1,
    "3.067": 2,
    "4.778": 1,
    "4.364": 1,
    "3.786": 1,
    "4.923": 1,
    "4.571": 1,
    "3.167": 2,
    "0.944": 1,
    "3.056": 1,
    "4.818": 1,
    "3.231": 1,
    "4.727": 1,
    "1.733": 1,
    "2.909": 1,
    "3.438": 1,
    "4.176": 1,
    "2.625": 1,
    "3.455": 1,
    "4.056": 1,
    "3.643": 1,
    "1.273": 1,
    "2.588": 1,
    "3.444": 2,
    "0.889": 1,
    "3.273": 1,
    "2.700": 1,
    "3.909": 1,
    "3.933": 1,
    "3.769": 1,
    "3.625": 1,
    "4.308": 1,
    "3.25": 2,
    "1.5": 3,
    "0.5": 1,
    "3.33333333333333": 1,
    "4.75": 1,
    "3.50": 1,
    "4.33": 1
}